m, LED_intensity, Middle_Intensity, #_led, dm, height, D, Area_L, Area_HD, Area_FD, 90% 
2.000000e+00, 1.000000e+06, 3.472222e+09, 2, 8.944272e-01, 2.000000e-02, 1.788854e-02, 1.788854e-02, 2.707282e-02, 5.558563e-02, 2.110945e-02
2.000000e+00, 1.000000e+06, 1.833656e+09, 3, 7.746054e-01, 2.000000e-02, 1.549211e-02, 3.098421e-02, 3.903027e-02, 6.388847e-02, 2.392756e-02
2.000000e+00, 1.000000e+06, 2.247737e+09, 4, 7.160654e-01, 2.000000e-02, 1.432131e-02, 4.296392e-02, 5.048350e-02, 7.365754e-02, 3.161512e-02
2.000000e+00, 1.000000e+06, 2.299970e+09, 5, 6.477416e-01, 2.000000e-02, 1.295483e-02, 5.181933e-02, 5.867436e-02, 7.974293e-02, 3.657198e-02
2.000000e+00, 1.000000e+06, 2.825832e+09, 6, 6.254458e-01, 2.000000e-02, 1.250892e-02, 6.254458e-02, 6.922933e-02, 8.975303e-02, 4.517980e-02
2.000000e+00, 1.000000e+06, 2.611040e+09, 7, 5.763110e-01, 2.000000e-02, 1.152622e-02, 6.915732e-02, 7.535220e-02, 9.433542e-02, 4.964230e-02
2.000000e+00, 1.000000e+06, 3.296220e+09, 8, 5.688367e-01, 2.000000e-02, 1.137673e-02, 7.963714e-02, 8.581087e-02, 1.047204e-01, 5.880441e-02
2.000000e+00, 1.000000e+06, 2.831533e+09, 9, 5.292529e-01, 2.000000e-02, 1.058506e-02, 8.468047e-02, 9.044918e-02, 1.080915e-01, 6.237123e-02
2.000000e+00, 1.000000e+06, 3.701108e+09, 10, 5.293626e-01, 2.000000e-02, 1.058725e-02, 9.528527e-02, 1.011113e-01, 1.189258e-01, 7.216703e-02
2.000000e+00, 1.000000e+06, 2.993110e+09, 11, 4.953997e-01, 2.000000e-02, 9.907994e-03, 9.907994e-02, 1.045493e-01, 1.212520e-01, 7.488884e-02
2.000000e+00, 1.000000e+06, 4.060977e+09, 12, 4.998763e-01, 2.000000e-02, 9.997526e-03, 1.099728e-01, 1.155463e-01, 1.325666e-01, 8.530093e-02
2.000000e+00, 1.000000e+06, 3.113874e+09, 13, 4.695813e-01, 2.000000e-02, 9.391625e-03, 1.126995e-01, 1.179466e-01, 1.339524e-01, 8.719457e-02
2.000000e+00, 1.000000e+06, 4.387797e+09, 14, 4.767870e-01, 2.000000e-02, 9.535740e-03, 1.239646e-01, 1.293463e-01, 1.457640e-01, 9.819115e-02
2.000000e+00, 1.000000e+06, 3.203545e+09, 15, 4.490556e-01, 2.000000e-02, 8.981112e-03, 1.257356e-01, 1.308109e-01, 1.462789e-01, 9.926954e-02
2.000000e+00, 1.000000e+06, 4.689936e+09, 16, 4.580753e-01, 2.000000e-02, 9.161507e-03, 1.374226e-01, 1.426538e-01, 1.585993e-01, 1.108308e-01
2.000000e+00, 1.000000e+06, 3.268894e+09, 17, 4.322223e-01, 2.000000e-02, 8.644445e-03, 1.383111e-01, 1.432498e-01, 1.582902e-01, 1.111122e-01
2.000000e+00, 1.000000e+06, 4.972604e+09, 18, 4.425106e-01, 2.000000e-02, 8.850212e-03, 1.504536e-01, 1.555641e-01, 1.711304e-01, 1.232291e-01
2.000000e+00, 1.000000e+06, 3.316527e+09, 19, 4.181145e-01, 2.000000e-02, 8.362290e-03, 1.505212e-01, 1.553492e-01, 1.700429e-01, 1.227449e-01
2.000000e+00, 1.000000e+06, 5.238207e+09, 20, 4.292958e-01, 2.000000e-02, 8.585916e-03, 1.631324e-01, 1.681441e-01, 1.834004e-01, 1.354026e-01
2.000000e+00, 1.000000e+06, 3.350643e+09, 21, 4.060778e-01, 2.000000e-02, 8.121557e-03, 1.624311e-01, 1.671680e-01, 1.815765e-01, 1.341881e-01
2.000000e+00, 1.000000e+06, 5.488499e+09, 22, 4.178896e-01, 2.000000e-02, 8.357792e-03, 1.755136e-01, 1.804434e-01, 1.954424e-01, 1.473701e-01
2.000000e+00, 1.000000e+06, 3.370816e+09, 23, 3.956062e-01, 2.000000e-02, 7.912124e-03, 1.740667e-01, 1.787271e-01, 1.928959e-01, 1.454376e-01
2.000000e+00, 1.000000e+06, 5.729422e+09, 24, 4.079102e-01, 2.000000e-02, 8.158204e-03, 1.876387e-01, 1.924998e-01, 2.072829e-01, 1.591493e-01
2.000000e+00, 1.000000e+06, 3.382905e+09, 25, 3.864272e-01, 2.000000e-02, 7.728544e-03, 1.854851e-01, 1.900810e-01, 2.040481e-01, 1.565316e-01
2.000000e+00, 1.000000e+06, 5.958173e+09, 26, 3.990798e-01, 2.000000e-02, 7.981595e-03, 1.995399e-01, 2.043429e-01, 2.189432e-01, 1.707564e-01
2.000000e+00, 1.000000e+06, 3.384989e+09, 27, 3.782527e-01, 2.000000e-02, 7.565053e-03, 1.966914e-01, 2.012322e-01, 2.150264e-01, 1.674605e-01
2.000000e+00, 1.000000e+06, 6.179870e+09, 28, 3.911906e-01, 2.000000e-02, 7.823811e-03, 2.112429e-01, 2.159965e-01, 2.304408e-01, 1.822058e-01
2.000000e+00, 1.000000e+06, 3.383874e+09, 29, 3.709780e-01, 2.000000e-02, 7.419561e-03, 2.077477e-01, 2.122419e-01, 2.258898e-01, 1.782777e-01
2.000000e+00, 1.000000e+06, 8.072886e+06, 2, 8.944272e-01, 2.500000e-02, 2.236068e-02, 2.236068e-02, 3.391602e-02, 7.008204e-02, 2.638681e-02
2.000000e+00, 1.000000e+06, 1.173723e+09, 3, 7.746054e-01, 2.500000e-02, 1.936513e-02, 3.873027e-02, 4.888160e-02, 8.046060e-02, 2.990945e-02
2.000000e+00, 1.000000e+06, 1.438552e+09, 4, 7.160654e-01, 2.500000e-02, 1.790163e-02, 5.370490e-02, 6.321654e-02, 9.271286e-02, 3.951890e-02
2.000000e+00, 1.000000e+06, 1.471981e+09, 5, 6.477416e-01, 2.500000e-02, 1.619354e-02, 6.477416e-02, 7.346095e-02, 1.003080e-01, 4.571498e-02
2.000000e+00, 1.000000e+06, 1.808532e+09, 6, 6.254458e-01, 2.500000e-02, 1.563614e-02, 7.818072e-02, 8.667114e-02, 1.128759e-01, 5.647475e-02
2.000000e+00, 1.000000e+06, 1.670895e+09, 7, 5.763110e-01, 2.500000e-02, 1.440777e-02, 8.644665e-02, 9.432518e-02, 1.185835e-01, 6.205287e-02
2.000000e+00, 1.000000e+06, 2.109408e+09, 8, 5.688367e-01, 2.500000e-02, 1.422092e-02, 9.954643e-02, 1.074153e-01, 1.316285e-01, 7.350551e-02
2.000000e+00, 1.000000e+06, 1.812181e+09, 9, 5.292529e-01, 2.500000e-02, 1.323132e-02, 1.058506e-01, 1.132103e-01, 1.358146e-01, 7.796404e-02
2.000000e+00, 1.000000e+06, 2.368709e+09, 10, 5.293626e-01, 2.500000e-02, 1.323407e-02, 1.191066e-01, 1.265555e-01, 1.494278e-01, 9.020879e-02
2.000000e+00, 1.000000e+06, 1.915755e+09, 11, 4.953997e-01, 2.500000e-02, 1.238499e-02, 1.238499e-01, 1.308477e-01, 1.523012e-01, 9.361105e-02
2.000000e+00, 1.000000e+06, 2.599191e+09, 12, 4.998763e-01, 2.500000e-02, 1.249691e-02, 1.374660e-01, 1.446124e-01, 1.665203e-01, 1.066262e-01
2.000000e+00, 1.000000e+06, 1.992880e+09, 13, 4.695813e-01, 2.500000e-02, 1.173953e-02, 1.408744e-01, 1.476055e-01, 1.682123e-01, 1.089932e-01
2.000000e+00, 1.000000e+06, 2.808354e+09, 14, 4.767870e-01, 2.500000e-02, 1.191967e-02, 1.549558e-01, 1.618746e-01, 1.830575e-01, 1.227389e-01
2.000000e+00, 1.000000e+06, 2.050109e+09, 15, 4.490556e-01, 2.500000e-02, 1.122639e-02, 1.571695e-01, 1.636964e-01, 1.836553e-01, 1.240869e-01
2.000000e+00, 1.000000e+06, 3.001559e+09, 16, 4.580753e-01, 2.500000e-02, 1.145188e-02, 1.717783e-01, 1.785206e-01, 1.991410e-01, 1.385385e-01
2.000000e+00, 1.000000e+06, 2.092092e+09, 17, 4.322223e-01, 2.500000e-02, 1.080556e-02, 1.728889e-01, 1.792549e-01, 1.987034e-01, 1.388902e-01
2.000000e+00, 1.000000e+06, 3.182466e+09, 18, 4.425106e-01, 2.500000e-02, 1.106277e-02, 1.880670e-01, 1.946693e-01, 2.148432e-01, 1.540363e-01
2.000000e+00, 1.000000e+06, 2.122733e+09, 19, 4.181145e-01, 2.500000e-02, 1.045286e-02, 1.881515e-01, 1.943886e-01, 2.134278e-01, 1.534311e-01
2.000000e+00, 1.000000e+06, 3.352452e+09, 20, 4.292958e-01, 2.500000e-02, 1.073239e-02, 2.039155e-01, 2.104047e-01, 2.302180e-01, 1.692533e-01
2.000000e+00, 1.000000e+06, 2.144412e+09, 21, 4.060778e-01, 2.500000e-02, 1.015195e-02, 2.030389e-01, 2.091713e-01, 2.278775e-01, 1.677351e-01
2.000000e+00, 1.000000e+06, 3.512639e+09, 22, 4.178896e-01, 2.500000e-02, 1.044724e-02, 2.193920e-01, 2.257890e-01, 2.453072e-01, 1.842126e-01
2.000000e+00, 1.000000e+06, 2.157473e+09, 23, 3.956062e-01, 2.500000e-02, 9.890155e-03, 2.175834e-01, 2.236289e-01, 2.420588e-01, 1.817970e-01
2.000000e+00, 1.000000e+06, 3.666830e+09, 24, 4.079102e-01, 2.500000e-02, 1.019776e-02, 2.345484e-01, 2.408692e-01, 2.601436e-01, 1.989366e-01
2.000000e+00, 1.000000e+06, 2.164910e+09, 25, 3.864272e-01, 2.500000e-02, 9.660680e-03, 2.318563e-01, 2.378299e-01, 2.560308e-01, 1.956645e-01
2.000000e+00, 1.000000e+06, 3.813081e+09, 26, 3.990798e-01, 2.500000e-02, 9.976994e-03, 2.494249e-01, 2.556825e-01, 2.747540e-01, 2.134455e-01
2.000000e+00, 1.000000e+06, 2.166246e+09, 27, 3.782527e-01, 2.500000e-02, 9.456317e-03, 2.458642e-01, 2.517772e-01, 2.697845e-01, 2.093256e-01
2.000000e+00, 1.000000e+06, 3.954969e+09, 28, 3.911906e-01, 2.500000e-02, 9.779764e-03, 2.640536e-01, 2.702586e-01, 2.891605e-01, 2.277573e-01
2.000000e+00, 1.000000e+06, 2.165535e+09, 29, 3.709780e-01, 2.500000e-02, 9.274451e-03, 2.596846e-01, 2.655476e-01, 2.833945e-01, 2.228472e-01
2.000000e+00, 1.000000e+06, 4.768042e+06, 2, 8.944272e-01, 3.000000e-02, 2.683282e-02, 2.683282e-02, 4.078922e-02, 8.481845e-02, 3.166417e-02
2.000000e+00, 1.000000e+06, 8.149583e+08, 3, 7.746054e-01, 3.000000e-02, 2.323816e-02, 4.647632e-02, 5.877042e-02, 9.727274e-02, 3.589134e-02
2.000000e+00, 1.000000e+06, 9.991205e+08, 4, 7.160654e-01, 3.000000e-02, 2.148196e-02, 6.444588e-02, 7.599444e-02, 1.120246e-01, 4.742268e-02
2.000000e+00, 1.000000e+06, 1.022209e+09, 5, 6.477416e-01, 3.000000e-02, 1.943225e-02, 7.772899e-02, 8.829475e-02, 1.211248e-01, 5.485798e-02
2.000000e+00, 1.000000e+06, 1.256048e+09, 6, 6.254458e-01, 3.000000e-02, 1.876337e-02, 9.381686e-02, 1.041667e-01, 1.362725e-01, 6.776970e-02
2.000000e+00, 1.000000e+06, 1.160343e+09, 7, 5.763110e-01, 3.000000e-02, 1.728933e-02, 1.037360e-01, 1.133521e-01, 1.430974e-01, 7.446345e-02
2.000000e+00, 1.000000e+06, 1.464867e+09, 8, 5.688367e-01, 3.000000e-02, 1.706510e-02, 1.194557e-01, 1.290803e-01, 1.588278e-01, 8.820661e-02
2.000000e+00, 1.000000e+06, 1.258343e+09, 9, 5.292529e-01, 3.000000e-02, 1.587759e-02, 1.270207e-01, 1.360309e-01, 1.638178e-01, 9.355684e-02
2.000000e+00, 1.000000e+06, 1.644937e+09, 10, 5.293626e-01, 3.000000e-02, 1.588088e-02, 1.429279e-01, 1.520663e-01, 1.802381e-01, 1.082505e-01
2.000000e+00, 1.000000e+06, 1.330386e+09, 11, 4.953997e-01, 3.000000e-02, 1.486199e-02, 1.486199e-01, 1.572105e-01, 1.836450e-01, 1.123333e-01
2.000000e+00, 1.000000e+06, 1.804879e+09, 12, 4.998763e-01, 3.000000e-02, 1.499629e-02, 1.649592e-01, 1.737504e-01, 2.007989e-01, 1.279514e-01
2.000000e+00, 1.000000e+06, 1.383832e+09, 13, 4.695813e-01, 3.000000e-02, 1.408744e-02, 1.690493e-01, 1.773333e-01, 2.027809e-01, 1.307919e-01
2.000000e+00, 1.000000e+06, 1.950246e+09, 14, 4.767870e-01, 3.000000e-02, 1.430361e-02, 1.859469e-01, 1.944797e-01, 2.206919e-01, 1.472867e-01
2.000000e+00, 1.000000e+06, 1.423687e+09, 15, 4.490556e-01, 3.000000e-02, 1.347167e-02, 1.886033e-01, 1.966550e-01, 2.213542e-01, 1.489043e-01
2.000000e+00, 1.000000e+06, 2.084416e+09, 16, 4.580753e-01, 3.000000e-02, 1.374226e-02, 2.061339e-01, 2.144686e-01, 2.400393e-01, 1.662462e-01
2.000000e+00, 1.000000e+06, 1.452842e+09, 17, 4.322223e-01, 3.000000e-02, 1.296667e-02, 2.074667e-01, 2.153371e-01, 2.394529e-01, 1.666682e-01
2.000000e+00, 1.000000e+06, 2.209936e+09, 18, 4.425106e-01, 3.000000e-02, 1.327532e-02, 2.256804e-01, 2.338601e-01, 2.589280e-01, 1.848436e-01
2.000000e+00, 1.000000e+06, 1.474012e+09, 19, 4.181145e-01, 3.000000e-02, 1.254344e-02, 2.257818e-01, 2.335089e-01, 2.571622e-01, 1.841173e-01
2.000000e+00, 1.000000e+06, 2.327983e+09, 20, 4.292958e-01, 3.000000e-02, 1.287887e-02, 2.446986e-01, 2.527552e-01, 2.774227e-01, 2.031039e-01
2.000000e+00, 1.000000e+06, 1.489175e+09, 21, 4.060778e-01, 3.000000e-02, 1.218234e-02, 2.436467e-01, 2.512591e-01, 2.745414e-01, 2.012821e-01
2.000000e+00, 1.000000e+06, 2.439440e+09, 22, 4.178896e-01, 3.000000e-02, 1.253669e-02, 2.632704e-01, 2.712284e-01, 2.955736e-01, 2.210551e-01
2.000000e+00, 1.000000e+06, 1.498245e+09, 23, 3.956062e-01, 3.000000e-02, 1.186819e-02, 2.611001e-01, 2.686188e-01, 2.915974e-01, 2.181564e-01
2.000000e+00, 1.000000e+06, 2.546304e+09, 24, 4.079102e-01, 3.000000e-02, 1.223731e-02, 2.814581e-01, 2.893363e-01, 3.134203e-01, 2.387239e-01
2.000000e+00, 1.000000e+06, 1.503410e+09, 25, 3.864272e-01, 3.000000e-02, 1.159282e-02, 2.782276e-01, 2.856703e-01, 3.084017e-01, 2.347973e-01
2.000000e+00, 1.000000e+06, 2.648077e+09, 26, 3.990798e-01, 3.000000e-02, 1.197239e-02, 2.993098e-01, 3.071236e-01, 3.309949e-01, 2.561346e-01
2.000000e+00, 1.000000e+06, 1.504338e+09, 27, 3.782527e-01, 3.000000e-02, 1.134758e-02, 2.950371e-01, 3.024170e-01, 3.249432e-01, 2.511907e-01
2.000000e+00, 1.000000e+06, 2.746506e+09, 28, 3.911906e-01, 3.000000e-02, 1.173572e-02, 3.168644e-01, 3.246260e-01, 3.483240e-01, 2.733087e-01
2.000000e+00, 1.000000e+06, 1.503944e+09, 29, 3.709780e-01, 3.000000e-02, 1.112934e-02, 3.116216e-01, 3.189513e-01, 3.413120e-01, 2.674166e-01
2.000000e+00, 1.000000e+06, 3.132267e+06, 2, 8.944272e-01, 3.500000e-02, 3.130495e-02, 3.130495e-02, 4.769243e-02, 9.979486e-02, 3.694153e-02
2.000000e+00, 1.000000e+06, 5.988382e+08, 3, 7.746054e-01, 3.500000e-02, 2.711119e-02, 5.422237e-02, 6.869674e-02, 1.143249e-01, 4.187323e-02
2.000000e+00, 1.000000e+06, 7.339550e+08, 4, 7.160654e-01, 3.500000e-02, 2.506229e-02, 7.518686e-02, 8.881721e-02, 1.315926e-01, 5.532645e-02
2.000000e+00, 1.000000e+06, 7.510107e+08, 5, 6.477416e-01, 3.500000e-02, 2.267096e-02, 9.068383e-02, 1.031757e-01, 1.421934e-01, 6.400097e-02
2.000000e+00, 1.000000e+06, 9.228106e+08, 6, 6.254458e-01, 3.500000e-02, 2.189060e-02, 1.094530e-01, 1.217161e-01, 1.599430e-01, 7.906465e-02
2.000000e+00, 1.000000e+06, 8.525846e+08, 7, 5.763110e-01, 3.500000e-02, 2.017088e-02, 1.210253e-01, 1.324331e-01, 1.678769e-01, 8.687402e-02
2.000000e+00, 1.000000e+06, 1.076317e+09, 8, 5.688367e-01, 3.500000e-02, 1.990929e-02, 1.393650e-01, 1.508061e-01, 1.863184e-01, 1.029077e-01
2.000000e+00, 1.000000e+06, 9.244966e+08, 9, 5.292529e-01, 3.500000e-02, 1.852385e-02, 1.481908e-01, 1.589111e-01, 1.921012e-01, 1.091497e-01
2.000000e+00, 1.000000e+06, 1.208611e+09, 10, 5.293626e-01, 3.500000e-02, 1.852769e-02, 1.667492e-01, 1.776436e-01, 2.113567e-01, 1.262923e-01
2.000000e+00, 1.000000e+06, 9.774263e+08, 11, 4.953997e-01, 3.500000e-02, 1.733899e-02, 1.733899e-01, 1.836377e-01, 2.152832e-01, 1.310555e-01
2.000000e+00, 1.000000e+06, 1.326033e+09, 12, 4.998763e-01, 3.500000e-02, 1.749567e-02, 1.924524e-01, 2.029603e-01, 2.354023e-01, 1.492766e-01
2.000000e+00, 1.000000e+06, 1.016775e+09, 13, 4.695813e-01, 3.500000e-02, 1.643534e-02, 1.972241e-01, 2.071301e-01, 2.376582e-01, 1.525905e-01
2.000000e+00, 1.000000e+06, 1.432750e+09, 14, 4.767870e-01, 3.500000e-02, 1.668754e-02, 2.169381e-01, 2.271615e-01, 2.586674e-01, 1.718345e-01
2.000000e+00, 1.000000e+06, 1.046056e+09, 15, 4.490556e-01, 3.500000e-02, 1.571695e-02, 2.200372e-01, 2.296866e-01, 2.593758e-01, 1.737217e-01
2.000000e+00, 1.000000e+06, 1.531408e+09, 16, 4.580753e-01, 3.500000e-02, 1.603264e-02, 2.404896e-01, 2.504980e-01, 2.812944e-01, 1.939540e-01
2.000000e+00, 1.000000e+06, 1.067394e+09, 17, 4.322223e-01, 3.500000e-02, 1.512778e-02, 2.420445e-01, 2.514964e-01, 2.805386e-01, 1.944463e-01
2.000000e+00, 1.000000e+06, 1.623707e+09, 18, 4.425106e-01, 3.500000e-02, 1.548787e-02, 2.632938e-01, 2.731367e-01, 3.033848e-01, 2.156509e-01
2.000000e+00, 1.000000e+06, 1.083027e+09, 19, 4.181145e-01, 3.500000e-02, 1.463401e-02, 2.634121e-01, 2.727101e-01, 3.012463e-01, 2.148035e-01
2.000000e+00, 1.000000e+06, 1.710435e+09, 20, 4.292958e-01, 3.500000e-02, 1.502535e-02, 2.854817e-01, 2.951955e-01, 3.250144e-01, 2.369546e-01
2.000000e+00, 1.000000e+06, 1.094088e+09, 21, 4.060778e-01, 3.500000e-02, 1.421272e-02, 2.842545e-01, 2.934314e-01, 3.215680e-01, 2.348291e-01
2.000000e+00, 1.000000e+06, 1.792163e+09, 22, 4.178896e-01, 3.500000e-02, 1.462614e-02, 3.071489e-01, 3.167616e-01, 3.462416e-01, 2.578977e-01
2.000000e+00, 1.000000e+06, 1.100675e+09, 23, 3.956062e-01, 3.500000e-02, 1.384622e-02, 3.046168e-01, 3.136967e-01, 3.415116e-01, 2.545158e-01
2.000000e+00, 1.000000e+06, 1.870754e+09, 24, 4.079102e-01, 3.500000e-02, 1.427686e-02, 3.283677e-01, 3.379011e-01, 3.671129e-01, 2.785112e-01
2.000000e+00, 1.000000e+06, 1.104546e+09, 25, 3.864272e-01, 3.500000e-02, 1.352495e-02, 3.245988e-01, 3.336021e-01, 3.611608e-01, 2.739302e-01
2.000000e+00, 1.000000e+06, 1.945449e+09, 26, 3.990798e-01, 3.500000e-02, 1.396779e-02, 3.491948e-01, 3.586662e-01, 3.876657e-01, 2.988237e-01
2.000000e+00, 1.000000e+06, 1.105228e+09, 27, 3.782527e-01, 3.500000e-02, 1.323884e-02, 3.442099e-01, 3.531516e-01, 3.805026e-01, 2.930558e-01
2.000000e+00, 1.000000e+06, 2.017917e+09, 28, 3.911906e-01, 3.500000e-02, 1.369167e-02, 3.696751e-01, 3.790985e-01, 4.079312e-01, 3.188602e-01
2.000000e+00, 1.000000e+06, 1.104938e+09, 29, 3.709780e-01, 3.500000e-02, 1.298423e-02, 3.635585e-01, 3.724530e-01, 3.996424e-01, 3.119860e-01
2.000000e+00, 1.000000e+06, 2.209476e+06, 2, 8.944272e-01, 4.000000e-02, 3.577709e-02, 3.577709e-02, 5.462563e-02, 1.150113e-01, 4.221890e-02
2.000000e+00, 1.000000e+06, 4.584140e+08, 3, 7.746054e-01, 4.000000e-02, 3.098421e-02, 6.196843e-02, 7.866056e-02, 1.316170e-01, 4.785512e-02
2.000000e+00, 1.000000e+06, 5.619343e+08, 4, 7.160654e-01, 4.000000e-02, 2.864261e-02, 8.592784e-02, 1.016849e-01, 1.514171e-01, 6.323023e-02
2.000000e+00, 1.000000e+06, 5.749926e+08, 5, 6.477416e-01, 4.000000e-02, 2.590966e-02, 1.036387e-01, 1.181039e-01, 1.635137e-01, 7.314397e-02
2.000000e+00, 1.000000e+06, 7.064580e+08, 6, 6.254458e-01, 4.000000e-02, 2.501783e-02, 1.250892e-01, 1.393193e-01, 1.838873e-01, 9.035960e-02
2.000000e+00, 1.000000e+06, 6.527600e+08, 7, 5.763110e-01, 4.000000e-02, 2.305244e-02, 1.383146e-01, 1.515680e-01, 1.929222e-01, 9.928460e-02
2.000000e+00, 1.000000e+06, 8.240549e+08, 8, 5.688367e-01, 4.000000e-02, 2.275347e-02, 1.592743e-01, 1.725925e-01, 2.141002e-01, 1.176088e-01
2.000000e+00, 1.000000e+06, 7.078832e+08, 9, 5.292529e-01, 4.000000e-02, 2.117012e-02, 1.693609e-01, 1.818507e-01, 2.206646e-01, 1.247425e-01
2.000000e+00, 1.000000e+06, 9.252771e+08, 10, 5.293626e-01, 4.000000e-02, 2.117450e-02, 1.905705e-01, 2.032875e-01, 2.427835e-01, 1.443341e-01
2.000000e+00, 1.000000e+06, 7.482776e+08, 11, 4.953997e-01, 4.000000e-02, 1.981599e-02, 1.981599e-01, 2.101294e-01, 2.472160e-01, 1.497777e-01
2.000000e+00, 1.000000e+06, 1.015244e+09, 12, 4.998763e-01, 4.000000e-02, 1.999505e-02, 2.199456e-01, 2.322420e-01, 2.703305e-01, 1.706019e-01
2.000000e+00, 1.000000e+06, 7.784686e+08, 13, 4.695813e-01, 4.000000e-02, 1.878325e-02, 2.253990e-01, 2.369957e-01, 2.728442e-01, 1.743891e-01
2.000000e+00, 1.000000e+06, 1.096949e+09, 14, 4.767870e-01, 4.000000e-02, 1.907148e-02, 2.479292e-01, 2.599201e-01, 2.969838e-01, 1.963823e-01
2.000000e+00, 1.000000e+06, 8.008863e+08, 15, 4.490556e-01, 4.000000e-02, 1.796222e-02, 2.514711e-01, 2.627914e-01, 2.977201e-01, 1.985391e-01
2.000000e+00, 1.000000e+06, 1.172484e+09, 16, 4.580753e-01, 4.000000e-02, 1.832301e-02, 2.748452e-01, 2.866086e-01, 3.229061e-01, 2.216617e-01
2.000000e+00, 1.000000e+06, 8.172234e+08, 17, 4.322223e-01, 4.000000e-02, 1.728889e-02, 2.766222e-01, 2.877327e-01, 3.219606e-01, 2.222243e-01
2.000000e+00, 1.000000e+06, 1.243151e+09, 18, 4.425106e-01, 4.000000e-02, 1.770042e-02, 3.009072e-01, 3.124989e-01, 3.482137e-01, 2.464581e-01
2.000000e+00, 1.000000e+06, 8.291318e+08, 19, 4.181145e-01, 4.000000e-02, 1.672458e-02, 3.010425e-01, 3.119921e-01, 3.456801e-01, 2.454898e-01
2.000000e+00, 1.000000e+06, 1.309552e+09, 20, 4.292958e-01, 4.000000e-02, 1.717183e-02, 3.262648e-01, 3.377257e-01, 3.729931e-01, 2.708052e-01
2.000000e+00, 1.000000e+06, 8.376607e+08, 21, 4.060778e-01, 4.000000e-02, 1.624311e-02, 3.248623e-01, 3.356882e-01, 3.689574e-01, 2.683762e-01
2.000000e+00, 1.000000e+06, 1.372125e+09, 22, 4.178896e-01, 4.000000e-02, 1.671558e-02, 3.510273e-01, 3.623887e-01, 3.973113e-01, 2.947402e-01
2.000000e+00, 1.000000e+06, 8.427040e+08, 23, 3.956062e-01, 4.000000e-02, 1.582425e-02, 3.481334e-01, 3.588626e-01, 3.918015e-01, 2.908752e-01
2.000000e+00, 1.000000e+06, 1.432355e+09, 24, 4.079102e-01, 4.000000e-02, 1.631641e-02, 3.752774e-01, 3.865638e-01, 4.212215e-01, 3.182985e-01
2.000000e+00, 1.000000e+06, 8.457263e+08, 25, 3.864272e-01, 4.000000e-02, 1.545709e-02, 3.709701e-01, 3.816254e-01, 4.143082e-01, 3.130631e-01
2.000000e+00, 1.000000e+06, 1.489543e+09, 26, 3.990798e-01, 4.000000e-02, 1.596319e-02, 3.990798e-01, 4.103104e-01, 4.447666e-01, 3.415128e-01
2.000000e+00, 1.000000e+06, 8.462473e+08, 27, 3.782527e-01, 4.000000e-02, 1.513011e-02, 3.933828e-01, 4.039810e-01, 4.364625e-01, 3.349209e-01
2.000000e+00, 1.000000e+06, 1.544967e+09, 28, 3.911906e-01, 4.000000e-02, 1.564762e-02, 4.224858e-01, 4.336763e-01, 4.679823e-01, 3.644116e-01
2.000000e+00, 1.000000e+06, 8.459684e+08, 29, 3.709780e-01, 4.000000e-02, 1.483912e-02, 4.154954e-01, 4.260528e-01, 4.583856e-01, 3.565554e-01
2.000000e+00, 1.000000e+06, 1.639766e+06, 2, 8.944272e-01, 4.500000e-02, 4.024922e-02, 4.024922e-02, 6.158884e-02, 1.304677e-01, 4.749626e-02
2.000000e+00, 1.000000e+06, 3.622037e+08, 3, 7.746054e-01, 4.500000e-02, 3.485724e-02, 6.971448e-02, 8.866189e-02, 1.491492e-01, 5.383701e-02
2.000000e+00, 1.000000e+06, 4.439975e+08, 4, 7.160654e-01, 4.500000e-02, 3.222294e-02, 9.666882e-02, 1.145974e-01, 1.714979e-01, 7.113401e-02
2.000000e+00, 1.000000e+06, 4.543151e+08, 5, 6.477416e-01, 4.500000e-02, 2.914837e-02, 1.165935e-01, 1.330793e-01, 1.850858e-01, 8.228696e-02
2.000000e+00, 1.000000e+06, 5.582435e+08, 6, 6.254458e-01, 4.500000e-02, 2.814506e-02, 1.407253e-01, 1.569762e-01, 2.081054e-01, 1.016545e-01
2.000000e+00, 1.000000e+06, 5.157082e+08, 7, 5.763110e-01, 4.500000e-02, 2.593399e-02, 1.556040e-01, 1.707568e-01, 2.182331e-01, 1.116952e-01
2.000000e+00, 1.000000e+06, 6.511051e+08, 8, 5.688367e-01, 4.500000e-02, 2.559765e-02, 1.791836e-01, 1.944395e-01, 2.421732e-01, 1.323099e-01
2.000000e+00, 1.000000e+06, 5.593152e+08, 9, 5.292529e-01, 4.500000e-02, 2.381638e-02, 1.905311e-01, 2.048499e-01, 2.495082e-01, 1.403353e-01
2.000000e+00, 1.000000e+06, 7.311353e+08, 10, 5.293626e-01, 4.500000e-02, 2.382132e-02, 2.143919e-01, 2.289979e-01, 2.745185e-01, 1.623758e-01
2.000000e+00, 1.000000e+06, 5.912317e+08, 11, 4.953997e-01, 4.500000e-02, 2.229299e-02, 2.229299e-01, 2.366855e-01, 2.794433e-01, 1.684999e-01
2.000000e+00, 1.000000e+06, 8.022195e+08, 12, 4.998763e-01, 4.500000e-02, 2.249443e-02, 2.474388e-01, 2.615955e-01, 3.055836e-01, 1.919271e-01
2.000000e+00, 1.000000e+06, 6.150863e+08, 13, 4.695813e-01, 4.500000e-02, 2.113116e-02, 2.535739e-01, 2.669302e-01, 3.083389e-01, 1.961878e-01
2.000000e+00, 1.000000e+06, 8.667758e+08, 14, 4.767870e-01, 4.500000e-02, 2.145541e-02, 2.789204e-01, 2.927553e-01, 3.356413e-01, 2.209301e-01
2.000000e+00, 1.000000e+06, 6.327497e+08, 15, 4.490556e-01, 4.500000e-02, 2.020750e-02, 2.829050e-01, 2.959693e-01, 3.363870e-01, 2.233565e-01
2.000000e+00, 1.000000e+06, 9.264071e+08, 16, 4.580753e-01, 4.500000e-02, 2.061339e-02, 3.092009e-01, 3.228006e-01, 3.648746e-01, 2.493694e-01
2.000000e+00, 1.000000e+06, 6.457560e+08, 17, 4.322223e-01, 4.500000e-02, 1.945000e-02, 3.112000e-01, 3.240460e-01, 3.637189e-01, 2.500023e-01
2.000000e+00, 1.000000e+06, 9.821937e+08, 18, 4.425106e-01, 4.500000e-02, 1.991298e-02, 3.385206e-01, 3.519467e-01, 3.934146e-01, 2.772654e-01
2.000000e+00, 1.000000e+06, 6.551644e+08, 19, 4.181145e-01, 4.500000e-02, 1.881515e-02, 3.386728e-01, 3.513549e-01, 3.904635e-01, 2.761760e-01
2.000000e+00, 1.000000e+06, 1.034659e+09, 20, 4.292958e-01, 4.500000e-02, 1.931831e-02, 3.670479e-01, 3.803457e-01, 4.213588e-01, 3.046559e-01
2.000000e+00, 1.000000e+06, 6.618554e+08, 21, 4.060778e-01, 4.500000e-02, 1.827350e-02, 3.654701e-01, 3.780295e-01, 4.167096e-01, 3.019232e-01
2.000000e+00, 1.000000e+06, 1.084196e+09, 22, 4.178896e-01, 4.500000e-02, 1.880503e-02, 3.949057e-01, 4.081097e-01, 4.487827e-01, 3.315827e-01
2.000000e+00, 1.000000e+06, 6.658402e+08, 23, 3.956062e-01, 4.500000e-02, 1.780228e-02, 3.916501e-01, 4.041166e-01, 4.424669e-01, 3.272346e-01
2.000000e+00, 1.000000e+06, 1.131691e+09, 24, 4.079102e-01, 4.500000e-02, 1.835596e-02, 4.221871e-01, 4.353241e-01, 4.757461e-01, 3.580859e-01
2.000000e+00, 1.000000e+06, 6.682282e+08, 25, 3.864272e-01, 4.500000e-02, 1.738922e-02, 4.173414e-01, 4.297402e-01, 4.678438e-01, 3.521960e-01
2.000000e+00, 1.000000e+06, 1.176923e+09, 26, 3.990798e-01, 4.500000e-02, 1.795859e-02, 4.489647e-01, 4.620560e-01, 5.022975e-01, 3.842019e-01
2.000000e+00, 1.000000e+06, 6.686399e+08, 27, 3.782527e-01, 4.500000e-02, 1.702137e-02, 4.425556e-01, 4.549052e-01, 4.928231e-01, 3.767861e-01
2.000000e+00, 1.000000e+06, 1.220669e+09, 28, 3.911906e-01, 4.500000e-02, 1.760358e-02, 4.752965e-01, 4.883593e-01, 5.284771e-01, 4.099631e-01
2.000000e+00, 1.000000e+06, 6.683749e+08, 29, 3.709780e-01, 4.500000e-02, 1.669401e-02, 4.674323e-01, 4.797507e-01, 5.175418e-01, 4.011249e-01
2.000000e+00, 1.000000e+06, 1.264187e+06, 2, 8.944272e-01, 5.000000e-02, 4.472136e-02, 4.472136e-02, 6.858204e-02, 1.461641e-01, 5.277362e-02
2.000000e+00, 1.000000e+06, 2.934307e+08, 3, 7.746054e-01, 5.000000e-02, 3.873027e-02, 7.746054e-02, 9.870071e-02, 1.669213e-01, 5.981890e-02
2.000000e+00, 1.000000e+06, 3.596379e+08, 4, 7.160654e-01, 5.000000e-02, 3.580327e-02, 1.074098e-01, 1.275547e-01, 1.918351e-01, 7.903779e-02
2.000000e+00, 1.000000e+06, 3.679953e+08, 5, 6.477416e-01, 5.000000e-02, 3.238708e-02, 1.295483e-01, 1.481019e-01, 2.069096e-01, 9.142996e-02
2.000000e+00, 1.000000e+06, 4.521331e+08, 6, 6.254458e-01, 5.000000e-02, 3.127229e-02, 1.563614e-01, 1.746870e-01, 2.325974e-01, 1.129495e-01
2.000000e+00, 1.000000e+06, 4.177236e+08, 7, 5.763110e-01, 5.000000e-02, 2.881555e-02, 1.728933e-01, 1.899997e-01, 2.438098e-01, 1.241057e-01
2.000000e+00, 1.000000e+06, 5.273521e+08, 8, 5.688367e-01, 5.000000e-02, 2.844184e-02, 1.990929e-01, 2.163473e-01, 2.705374e-01, 1.470110e-01
2.000000e+00, 1.000000e+06, 4.530453e+08, 9, 5.292529e-01, 5.000000e-02, 2.646265e-02, 2.117012e-01, 2.279086e-01, 2.786319e-01, 1.559281e-01
2.000000e+00, 1.000000e+06, 5.921774e+08, 10, 5.293626e-01, 5.000000e-02, 2.646813e-02, 2.382132e-01, 2.547749e-01, 3.065618e-01, 1.804176e-01
2.000000e+00, 1.000000e+06, 4.789389e+08, 11, 4.953997e-01, 5.000000e-02, 2.476998e-02, 2.476998e-01, 2.633060e-01, 3.119651e-01, 1.872221e-01
2.000000e+00, 1.000000e+06, 6.497978e+08, 12, 4.998763e-01, 5.000000e-02, 2.499382e-02, 2.749320e-01, 2.910209e-01, 3.411616e-01, 2.132523e-01
2.000000e+00, 1.000000e+06, 4.982199e+08, 13, 4.695813e-01, 5.000000e-02, 2.347906e-02, 2.817488e-01, 2.969337e-01, 3.441423e-01, 2.179864e-01
2.000000e+00, 1.000000e+06, 7.020884e+08, 14, 4.767870e-01, 5.000000e-02, 2.383935e-02, 3.099115e-01, 3.256673e-01, 3.746397e-01, 2.454779e-01
2.000000e+00, 1.000000e+06, 5.125272e+08, 15, 4.490556e-01, 5.000000e-02, 2.245278e-02, 3.143389e-01, 3.292202e-01, 3.753765e-01, 2.481738e-01
2.000000e+00, 1.000000e+06, 7.503897e+08, 16, 4.580753e-01, 5.000000e-02, 2.290377e-02, 3.435565e-01, 3.590739e-01, 4.071998e-01, 2.770771e-01
2.000000e+00, 1.000000e+06, 5.230230e+08, 17, 4.322223e-01, 5.000000e-02, 2.161111e-02, 3.457778e-01, 3.604364e-01, 4.058135e-01, 2.777804e-01
2.000000e+00, 1.000000e+06, 7.956166e+08, 18, 4.425106e-01, 5.000000e-02, 2.212553e-02, 3.761340e-01, 3.914803e-01, 4.389876e-01, 3.080727e-01
2.000000e+00, 1.000000e+06, 5.306832e+08, 19, 4.181145e-01, 5.000000e-02, 2.090573e-02, 3.763031e-01, 3.907986e-01, 4.355965e-01, 3.068622e-01
2.000000e+00, 1.000000e+06, 8.381131e+08, 20, 4.292958e-01, 5.000000e-02, 2.146479e-02, 4.078310e-01, 4.230556e-01, 4.701115e-01, 3.385066e-01
2.000000e+00, 1.000000e+06, 5.361029e+08, 21, 4.060778e-01, 5.000000e-02, 2.030389e-02, 4.060778e-01, 4.204553e-01, 4.648245e-01, 3.354702e-01
2.000000e+00, 1.000000e+06, 8.781598e+08, 22, 4.178896e-01, 5.000000e-02, 2.089448e-02, 4.387841e-01, 4.539245e-01, 5.006557e-01, 3.684252e-01
2.000000e+00, 1.000000e+06, 5.393684e+08, 23, 3.956062e-01, 5.000000e-02, 1.978031e-02, 4.351668e-01, 4.494586e-01, 4.935079e-01, 3.635940e-01
2.000000e+00, 1.000000e+06, 9.167075e+08, 24, 4.079102e-01, 5.000000e-02, 2.039551e-02, 4.690968e-01, 4.841822e-01, 5.306866e-01, 3.978732e-01
2.000000e+00, 1.000000e+06, 5.412276e+08, 25, 3.864272e-01, 5.000000e-02, 1.932136e-02, 4.637126e-01, 4.779464e-01, 5.217677e-01, 3.913289e-01
2.000000e+00, 1.000000e+06, 9.532702e+08, 26, 3.990798e-01, 5.000000e-02, 1.995399e-02, 4.988497e-01, 5.139033e-01, 5.602584e-01, 4.268910e-01
2.000000e+00, 1.000000e+06, 5.415616e+08, 27, 3.782527e-01, 5.000000e-02, 1.891263e-02, 4.917285e-01, 5.059241e-01, 5.495842e-01, 4.186512e-01
2.000000e+00, 1.000000e+06, 9.887421e+08, 28, 3.911906e-01, 5.000000e-02, 1.955953e-02, 5.281073e-01, 5.431474e-01, 5.894157e-01, 4.555145e-01
2.000000e+00, 1.000000e+06, 5.413836e+08, 29, 3.709780e-01, 5.000000e-02, 1.854890e-02, 5.193693e-01, 5.335466e-01, 5.771108e-01, 4.456943e-01
3.000000e+00, 1.000000e+06, 9.594578e+03, 2, 8.164966e-01, 2.000000e-02, 1.632993e-02, 1.632993e-02, 2.469490e-02, 5.058979e-02, 1.904880e-02
3.000000e+00, 1.000000e+06, 1.791290e+09, 3, 7.453519e-01, 2.000000e-02, 1.490704e-02, 2.981408e-02, 3.754537e-02, 6.140591e-02, 2.335969e-02
3.000000e+00, 1.000000e+06, 1.422920e+09, 4, 5.682094e-01, 2.000000e-02, 1.136419e-02, 3.409256e-02, 4.000066e-02, 5.811239e-02, 2.390205e-02
3.000000e+00, 1.000000e+06, 3.153061e+09, 5, 6.043769e-01, 2.000000e-02, 1.208754e-02, 4.835015e-02, 5.472266e-02, 7.427853e-02, 3.510509e-02
3.000000e+00, 1.000000e+06, 1.133263e+09, 6, 3.988294e-01, 2.000000e-02, 7.976588e-03, 3.988294e-02, 4.404621e-02, 5.672688e-02, 2.516354e-02
3.000000e+00, 1.000000e+06, 5.021930e+09, 7, 5.084066e-01, 2.000000e-02, 1.016813e-02, 6.100879e-02, 6.642887e-02, 8.299931e-02, 4.435251e-02
3.000000e+00, 1.000000e+06, 9.176478e+08, 8, 3.009447e-01, 2.000000e-02, 6.018895e-03, 4.213226e-02, 4.527756e-02, 5.482214e-02, 2.519550e-02
3.000000e+00, 1.000000e+06, 6.597866e+09, 9, 4.258346e-01, 2.000000e-02, 8.516693e-03, 6.813354e-02, 7.270016e-02, 8.661761e-02, 4.902251e-02
3.000000e+00, 1.000000e+06, 9.270393e+08, 10, 2.413241e-01, 2.000000e-02, 4.826481e-03, 4.343833e-02, 4.596222e-02, 5.360378e-02, 2.519672e-02
3.000000e+00, 1.000000e+06, 8.100918e+09, 11, 3.551962e-01, 2.000000e-02, 7.103923e-03, 7.103923e-02, 7.485614e-02, 8.645826e-02, 5.018320e-02
3.000000e+00, 1.000000e+06, 1.114787e+09, 12, 2.013598e-01, 2.000000e-02, 4.027196e-03, 4.429915e-02, 4.640601e-02, 5.277522e-02, 2.519744e-02
3.000000e+00, 1.000000e+06, 9.615811e+09, 13, 3.016149e-01, 2.000000e-02, 6.032298e-03, 7.238757e-02, 7.563115e-02, 8.547105e-02, 5.030706e-02
3.000000e+00, 1.000000e+06, 1.368054e+09, 14, 1.727268e-01, 2.000000e-02, 3.454536e-03, 4.490897e-02, 4.671679e-02, 5.217605e-02, 2.519798e-02
3.000000e+00, 1.000000e+06, 1.113390e+10, 15, 2.616756e-01, 2.000000e-02, 5.233513e-03, 7.326918e-02, 7.608451e-02, 8.461268e-02, 5.029987e-02
3.000000e+00, 1.000000e+06, 1.635139e+09, 16, 1.512113e-01, 2.000000e-02, 3.024227e-03, 4.536340e-02, 4.694640e-02, 5.172282e-02, 2.519837e-02
3.000000e+00, 1.000000e+06, 1.265229e+10, 17, 2.310154e-01, 2.000000e-02, 4.620307e-03, 7.392491e-02, 7.641118e-02, 8.393403e-02, 5.028317e-02
3.000000e+00, 1.000000e+06, 1.905906e+09, 18, 1.344561e-01, 2.000000e-02, 2.689121e-03, 4.571506e-02, 4.712290e-02, 5.136809e-02, 2.519866e-02
3.000000e+00, 1.000000e+06, 1.416977e+10, 19, 2.068105e-01, 2.000000e-02, 4.136210e-03, 7.445179e-02, 7.667814e-02, 8.340854e-02, 5.028339e-02
3.000000e+00, 1.000000e+06, 2.176287e+09, 20, 1.210401e-01, 2.000000e-02, 2.420801e-03, 4.599522e-02, 4.726276e-02, 5.108296e-02, 2.519888e-02
3.000000e+00, 1.000000e+06, 1.568866e+10, 21, 1.871376e-01, 2.000000e-02, 3.742753e-03, 7.485506e-02, 7.687002e-02, 8.295693e-02, 5.026390e-02
3.000000e+00, 1.000000e+06, 2.451188e+09, 22, 1.100563e-01, 2.000000e-02, 2.201127e-03, 4.622366e-02, 4.737631e-02, 5.084878e-02, 2.519903e-02
3.000000e+00, 1.000000e+06, 1.720604e+10, 23, 1.709160e-01, 2.000000e-02, 3.418319e-03, 7.520302e-02, 7.704364e-02, 8.260054e-02, 5.026413e-02
3.000000e+00, 1.000000e+06, 2.724056e+09, 24, 1.008989e-01, 2.000000e-02, 2.017977e-03, 4.641348e-02, 4.747031e-02, 5.065304e-02, 2.519917e-02
3.000000e+00, 1.000000e+06, 1.872319e+10, 25, 1.572843e-01, 2.000000e-02, 3.145685e-03, 7.549645e-02, 7.719051e-02, 8.230238e-02, 5.026679e-02
3.000000e+00, 1.000000e+06, 2.997109e+09, 26, 9.314739e-02, 2.000000e-02, 1.862948e-03, 4.657369e-02, 4.754942e-02, 5.048700e-02, 2.519928e-02
3.000000e+00, 1.000000e+06, 2.024249e+10, 27, 1.456254e-01, 2.000000e-02, 2.912509e-03, 7.572523e-02, 7.729388e-02, 8.202528e-02, 5.024981e-02
3.000000e+00, 1.000000e+06, 3.274892e+09, 28, 8.650136e-02, 2.000000e-02, 1.730027e-03, 4.671073e-02, 4.761690e-02, 5.034438e-02, 2.519936e-02
3.000000e+00, 1.000000e+06, 2.176009e+10, 29, 1.356005e-01, 2.000000e-02, 2.712010e-03, 7.593629e-02, 7.739711e-02, 8.180161e-02, 5.024916e-02
3.000000e+00, 1.000000e+06, 1.908985e+08, 2, 8.164966e-01, 2.500000e-02, 2.041241e-02, 2.041241e-02, 3.093112e-02, 6.373724e-02, 2.381100e-02
3.000000e+00, 1.000000e+06, 1.146236e+09, 3, 7.453519e-01, 2.500000e-02, 1.863380e-02, 3.726760e-02, 4.701852e-02, 7.731294e-02, 2.919961e-02
3.000000e+00, 1.000000e+06, 9.105137e+08, 4, 5.682094e-01, 2.500000e-02, 1.420523e-02, 4.261570e-02, 5.007145e-02, 7.304406e-02, 2.987756e-02
3.000000e+00, 1.000000e+06, 2.017959e+09, 5, 6.043769e-01, 2.500000e-02, 1.510942e-02, 6.043769e-02, 6.850606e-02, 9.339607e-02, 4.388136e-02
3.000000e+00, 1.000000e+06, 7.253935e+08, 6, 3.988294e-01, 2.500000e-02, 9.970736e-03, 4.985368e-02, 5.511244e-02, 7.118697e-02, 3.145442e-02
3.000000e+00, 1.000000e+06, 3.214035e+09, 7, 5.084066e-01, 2.500000e-02, 1.271016e-02, 7.626099e-02, 8.314110e-02, 1.042661e-01, 5.544064e-02
3.000000e+00, 1.000000e+06, 5.872238e+08, 8, 3.009447e-01, 2.500000e-02, 7.523618e-03, 5.266533e-02, 5.663941e-02, 6.873145e-02, 3.149438e-02
3.000000e+00, 1.000000e+06, 4.222690e+09, 9, 4.258346e-01, 2.500000e-02, 1.064587e-02, 8.516693e-02, 9.097153e-02, 1.087253e-01, 6.127814e-02
3.000000e+00, 1.000000e+06, 5.933643e+08, 10, 2.413241e-01, 2.500000e-02, 6.033101e-03, 5.429791e-02, 5.748736e-02, 6.716488e-02, 3.149590e-02
3.000000e+00, 1.000000e+06, 5.184588e+09, 11, 3.551962e-01, 2.500000e-02, 8.879904e-03, 8.879904e-02, 9.365297e-02, 1.084513e-01, 6.272899e-02
3.000000e+00, 1.000000e+06, 7.134635e+08, 12, 2.013598e-01, 2.500000e-02, 5.033995e-03, 5.537394e-02, 5.803665e-02, 6.610080e-02, 3.149680e-02
3.000000e+00, 1.000000e+06, 6.154076e+09, 13, 3.016149e-01, 2.500000e-02, 7.540372e-03, 9.048447e-02, 9.461001e-02, 1.071572e-01, 6.288383e-02
3.000000e+00, 1.000000e+06, 8.756169e+08, 14, 1.727268e-01, 2.500000e-02, 4.318170e-03, 5.613621e-02, 5.842116e-02, 6.533194e-02, 3.149747e-02
3.000000e+00, 1.000000e+06, 7.125653e+09, 15, 2.616756e-01, 2.500000e-02, 6.541891e-03, 9.158648e-02, 9.516769e-02, 1.060397e-01, 6.287484e-02
3.000000e+00, 1.000000e+06, 1.046425e+09, 16, 1.512113e-01, 2.500000e-02, 3.780284e-03, 5.670425e-02, 5.870515e-02, 6.475070e-02, 3.149797e-02
3.000000e+00, 1.000000e+06, 8.097508e+09, 17, 2.310154e-01, 2.500000e-02, 5.775384e-03, 9.240614e-02, 9.556901e-02, 1.051577e-01, 6.285396e-02
3.000000e+00, 1.000000e+06, 1.219713e+09, 18, 1.344561e-01, 2.500000e-02, 3.361401e-03, 5.714383e-02, 5.892339e-02, 6.429599e-02, 3.149833e-02
3.000000e+00, 1.000000e+06, 9.068653e+09, 19, 2.068105e-01, 2.500000e-02, 5.170263e-03, 9.306474e-02, 9.589713e-02, 1.044745e-01, 6.285424e-02
3.000000e+00, 1.000000e+06, 1.392824e+09, 20, 1.210401e-01, 2.500000e-02, 3.026001e-03, 5.749403e-02, 5.909631e-02, 6.393061e-02, 3.149861e-02
3.000000e+00, 1.000000e+06, 1.004071e+10, 21, 1.871376e-01, 2.500000e-02, 4.678441e-03, 9.356882e-02, 9.613239e-02, 1.038888e-01, 6.282987e-02
3.000000e+00, 1.000000e+06, 1.568760e+09, 22, 1.100563e-01, 2.500000e-02, 2.751408e-03, 5.777958e-02, 5.923666e-02, 6.363062e-02, 3.149878e-02
3.000000e+00, 1.000000e+06, 1.101190e+10, 23, 1.709160e-01, 2.500000e-02, 4.272899e-03, 9.400378e-02, 9.634563e-02, 1.034259e-01, 6.283016e-02
3.000000e+00, 1.000000e+06, 1.743467e+09, 24, 1.008989e-01, 2.500000e-02, 2.522472e-03, 5.801685e-02, 5.935285e-02, 6.337993e-02, 3.149896e-02
3.000000e+00, 1.000000e+06, 1.198288e+10, 25, 1.572843e-01, 2.500000e-02, 3.932107e-03, 9.437056e-02, 9.652602e-02, 1.030388e-01, 6.283349e-02
3.000000e+00, 1.000000e+06, 1.918221e+09, 26, 9.314739e-02, 2.500000e-02, 2.328685e-03, 5.821712e-02, 5.945060e-02, 6.316732e-02, 3.149909e-02
3.000000e+00, 1.000000e+06, 1.295519e+10, 27, 1.456254e-01, 2.500000e-02, 3.640636e-03, 9.465654e-02, 9.665247e-02, 1.026800e-01, 6.281226e-02
3.000000e+00, 1.000000e+06, 2.096003e+09, 28, 8.650136e-02, 2.500000e-02, 2.162534e-03, 5.838842e-02, 5.953399e-02, 6.298472e-02, 3.149921e-02
3.000000e+00, 1.000000e+06, 1.392646e+10, 29, 1.356005e-01, 2.500000e-02, 3.390013e-03, 9.492037e-02, 9.677914e-02, 1.023899e-01, 6.281145e-02
3.000000e+00, 1.000000e+06, 1.128917e+08, 2, 8.164966e-01, 3.000000e-02, 2.449490e-02, 2.449490e-02, 3.719235e-02, 7.708469e-02, 2.857320e-02
3.000000e+00, 1.000000e+06, 7.959974e+08, 3, 7.453519e-01, 3.000000e-02, 2.236056e-02, 4.472112e-02, 5.652639e-02, 9.344219e-02, 3.503953e-02
3.000000e+00, 1.000000e+06, 6.323012e+08, 4, 5.682094e-01, 3.000000e-02, 1.704628e-02, 5.113884e-02, 6.017049e-02, 8.813717e-02, 3.585307e-02
3.000000e+00, 1.000000e+06, 1.401360e+09, 5, 6.043769e-01, 3.000000e-02, 1.813131e-02, 7.252522e-02, 8.233055e-02, 1.127328e-01, 5.265763e-02
3.000000e+00, 1.000000e+06, 5.036726e+08, 6, 3.988294e-01, 3.000000e-02, 1.196488e-02, 5.982441e-02, 6.620054e-02, 8.575840e-02, 3.774530e-02
3.000000e+00, 1.000000e+06, 2.231969e+09, 7, 5.084066e-01, 3.000000e-02, 1.525220e-02, 9.151318e-02, 9.989533e-02, 1.257396e-01, 6.652877e-02
3.000000e+00, 1.000000e+06, 4.078435e+08, 8, 3.009447e-01, 3.000000e-02, 9.028342e-03, 6.319839e-02, 6.801823e-02, 8.272228e-02, 3.779325e-02
3.000000e+00, 1.000000e+06, 2.932423e+09, 9, 4.258346e-01, 3.000000e-02, 1.277504e-02, 1.022003e-01, 1.092814e-01, 1.310144e-01, 7.353376e-02
3.000000e+00, 1.000000e+06, 4.120585e+08, 10, 2.413241e-01, 3.000000e-02, 7.239722e-03, 6.515749e-02, 6.902632e-02, 8.079004e-02, 3.779508e-02
3.000000e+00, 1.000000e+06, 3.600408e+09, 11, 3.551962e-01, 3.000000e-02, 1.065589e-02, 1.065589e-01, 1.124829e-01, 1.305958e-01, 7.527479e-02
3.000000e+00, 1.000000e+06, 4.954608e+08, 12, 2.013598e-01, 3.000000e-02, 6.040794e-03, 6.644873e-02, 6.967895e-02, 7.947909e-02, 3.779616e-02
3.000000e+00, 1.000000e+06, 4.273694e+09, 13, 3.016149e-01, 3.000000e-02, 9.048447e-03, 1.085814e-01, 1.136173e-01, 1.289707e-01, 7.546059e-02
3.000000e+00, 1.000000e+06, 6.080673e+08, 14, 1.727268e-01, 3.000000e-02, 5.181804e-03, 6.736345e-02, 7.013559e-02, 7.853259e-02, 3.779697e-02
3.000000e+00, 1.000000e+06, 4.948370e+09, 15, 2.616756e-01, 3.000000e-02, 7.850269e-03, 1.099038e-01, 1.142757e-01, 1.275764e-01, 7.544980e-02
3.000000e+00, 1.000000e+06, 7.267286e+08, 16, 1.512113e-01, 3.000000e-02, 4.536340e-03, 6.804511e-02, 7.047276e-02, 7.781745e-02, 3.779756e-02
3.000000e+00, 1.000000e+06, 5.623242e+09, 17, 2.310154e-01, 3.000000e-02, 6.930461e-03, 1.108874e-01, 1.147489e-01, 1.264774e-01, 7.542476e-02
3.000000e+00, 1.000000e+06, 8.470693e+08, 18, 1.344561e-01, 3.000000e-02, 4.033682e-03, 6.857259e-02, 7.073180e-02, 7.725824e-02, 3.779799e-02
3.000000e+00, 1.000000e+06, 6.297648e+09, 19, 2.068105e-01, 3.000000e-02, 6.204316e-03, 1.116777e-01, 1.151359e-01, 1.256261e-01, 7.542508e-02
3.000000e+00, 1.000000e+06, 9.672387e+08, 20, 1.210401e-01, 3.000000e-02, 3.631202e-03, 6.899283e-02, 7.093699e-02, 7.680903e-02, 3.779833e-02
3.000000e+00, 1.000000e+06, 6.972713e+09, 21, 1.871376e-01, 3.000000e-02, 5.614129e-03, 1.122826e-01, 1.154127e-01, 1.248977e-01, 7.539585e-02
3.000000e+00, 1.000000e+06, 1.089417e+09, 22, 1.100563e-01, 3.000000e-02, 3.301690e-03, 6.933549e-02, 7.110352e-02, 7.644032e-02, 3.779854e-02
3.000000e+00, 1.000000e+06, 7.647128e+09, 23, 1.709160e-01, 3.000000e-02, 5.127479e-03, 1.128045e-01, 1.156640e-01, 1.243215e-01, 7.539619e-02
3.000000e+00, 1.000000e+06, 1.210692e+09, 24, 1.008989e-01, 3.000000e-02, 3.026966e-03, 6.962021e-02, 7.124136e-02, 7.613227e-02, 3.779875e-02
3.000000e+00, 1.000000e+06, 8.321417e+09, 25, 1.572843e-01, 3.000000e-02, 4.718528e-03, 1.132447e-01, 1.158767e-01, 1.238395e-01, 7.540019e-02
3.000000e+00, 1.000000e+06, 1.332098e+09, 26, 9.314739e-02, 3.000000e-02, 2.794422e-03, 6.986054e-02, 7.135732e-02, 7.587106e-02, 3.779891e-02
3.000000e+00, 1.000000e+06, 8.996663e+09, 27, 1.456254e-01, 3.000000e-02, 4.368763e-03, 1.135878e-01, 1.160251e-01, 1.233942e-01, 7.537471e-02
3.000000e+00, 1.000000e+06, 1.455508e+09, 28, 8.650136e-02, 3.000000e-02, 2.595041e-03, 7.006610e-02, 7.145622e-02, 7.564677e-02, 3.779905e-02
3.000000e+00, 1.000000e+06, 9.671152e+09, 29, 1.356005e-01, 3.000000e-02, 4.068016e-03, 1.139044e-01, 1.161743e-01, 1.230334e-01, 7.537374e-02
3.000000e+00, 1.000000e+06, 7.405316e+07, 2, 8.164966e-01, 3.500000e-02, 2.857738e-02, 2.857738e-02, 4.347857e-02, 9.063214e-02, 3.333540e-02
3.000000e+00, 1.000000e+06, 5.849109e+08, 3, 7.453519e-01, 3.500000e-02, 2.608732e-02, 5.217463e-02, 6.606898e-02, 1.097937e-01, 4.087945e-02
3.000000e+00, 1.000000e+06, 4.645478e+08, 4, 5.682094e-01, 3.500000e-02, 1.988733e-02, 5.966199e-02, 7.029778e-02, 1.033917e-01, 4.182858e-02
3.000000e+00, 1.000000e+06, 1.029571e+09, 5, 6.043769e-01, 3.500000e-02, 2.115319e-02, 8.461276e-02, 9.619614e-02, 1.322886e-01, 6.143390e-02
3.000000e+00, 1.000000e+06, 3.700987e+08, 6, 3.988294e-01, 3.500000e-02, 1.395903e-02, 6.979515e-02, 7.731051e-02, 1.004412e-01, 4.403619e-02
3.000000e+00, 1.000000e+06, 1.639859e+09, 7, 5.084066e-01, 3.500000e-02, 1.779423e-02, 1.067654e-01, 1.166916e-01, 1.474200e-01, 7.761690e-02
3.000000e+00, 1.000000e+06, 2.996401e+08, 8, 3.009447e-01, 3.500000e-02, 1.053307e-02, 7.373146e-02, 7.941404e-02, 9.679461e-02, 4.409213e-02
3.000000e+00, 1.000000e+06, 2.154433e+09, 9, 4.258346e-01, 3.500000e-02, 1.490421e-02, 1.192337e-01, 1.276299e-01, 1.534848e-01, 8.578939e-02
3.000000e+00, 1.000000e+06, 3.027369e+08, 10, 2.413241e-01, 3.500000e-02, 8.446342e-03, 7.601708e-02, 8.057912e-02, 9.447926e-02, 4.409426e-02
3.000000e+00, 1.000000e+06, 2.645221e+09, 11, 3.551962e-01, 3.500000e-02, 1.243187e-02, 1.243187e-01, 1.313460e-01, 1.528916e-01, 8.782059e-02
3.000000e+00, 1.000000e+06, 3.639817e+08, 12, 2.013598e-01, 3.500000e-02, 7.047593e-03, 7.752352e-02, 8.133291e-02, 9.291009e-02, 4.409552e-02
3.000000e+00, 1.000000e+06, 3.139857e+09, 13, 3.016149e-01, 3.500000e-02, 1.055652e-02, 1.266783e-01, 1.326530e-01, 1.509116e-01, 8.803736e-02
3.000000e+00, 1.000000e+06, 4.467117e+08, 14, 1.727268e-01, 3.500000e-02, 6.045438e-03, 7.859069e-02, 8.186010e-02, 9.177798e-02, 4.409646e-02
3.000000e+00, 1.000000e+06, 3.635537e+09, 15, 2.616756e-01, 3.500000e-02, 9.158648e-03, 1.282211e-01, 1.334085e-01, 1.492225e-01, 8.802477e-02
3.000000e+00, 1.000000e+06, 5.338901e+08, 16, 1.512113e-01, 3.500000e-02, 5.292397e-03, 7.938596e-02, 8.224923e-02, 9.092307e-02, 4.409715e-02
3.000000e+00, 1.000000e+06, 4.131361e+09, 17, 2.310154e-01, 3.500000e-02, 8.085537e-03, 1.293686e-01, 1.339507e-01, 1.478932e-01, 8.799555e-02
3.000000e+00, 1.000000e+06, 6.223366e+08, 18, 1.344561e-01, 3.500000e-02, 4.705962e-03, 8.000136e-02, 8.254811e-02, 9.025483e-02, 4.409766e-02
3.000000e+00, 1.000000e+06, 4.626864e+09, 19, 2.068105e-01, 3.500000e-02, 7.238368e-03, 1.302906e-01, 1.343945e-01, 1.468631e-01, 8.799593e-02
3.000000e+00, 1.000000e+06, 7.106244e+08, 20, 1.210401e-01, 3.500000e-02, 4.236402e-03, 8.049164e-02, 8.278482e-02, 8.971822e-02, 4.409805e-02
3.000000e+00, 1.000000e+06, 5.122829e+09, 21, 1.871376e-01, 3.500000e-02, 6.549818e-03, 1.309964e-01, 1.347110e-01, 1.459836e-01, 8.796182e-02
3.000000e+00, 1.000000e+06, 8.004233e+08, 22, 1.100563e-01, 3.500000e-02, 3.851972e-03, 8.089141e-02, 8.297690e-02, 8.927788e-02, 4.409830e-02
3.000000e+00, 1.000000e+06, 5.618298e+09, 23, 1.709160e-01, 3.500000e-02, 5.982059e-03, 1.316053e-01, 1.349989e-01, 1.452871e-01, 8.796222e-02
3.000000e+00, 1.000000e+06, 8.895237e+08, 24, 1.008989e-01, 3.500000e-02, 3.531460e-03, 8.122358e-02, 8.313585e-02, 8.891007e-02, 4.409854e-02
3.000000e+00, 1.000000e+06, 6.113713e+09, 25, 1.572843e-01, 3.500000e-02, 5.504949e-03, 1.321188e-01, 1.352425e-01, 1.447045e-01, 8.796689e-02
3.000000e+00, 1.000000e+06, 9.786478e+08, 26, 9.314739e-02, 3.500000e-02, 3.260159e-03, 8.150397e-02, 8.326956e-02, 8.859823e-02, 4.409873e-02
3.000000e+00, 1.000000e+06, 6.609793e+09, 27, 1.456254e-01, 3.500000e-02, 5.096890e-03, 1.325192e-01, 1.354118e-01, 1.441677e-01, 8.793716e-02
3.000000e+00, 1.000000e+06, 1.069389e+09, 28, 8.650136e-02, 3.500000e-02, 3.027547e-03, 8.174378e-02, 8.338359e-02, 8.833051e-02, 4.409889e-02
3.000000e+00, 1.000000e+06, 7.105318e+09, 29, 1.356005e-01, 3.500000e-02, 4.746018e-03, 1.328885e-01, 1.355825e-01, 1.437320e-01, 8.793603e-02
3.000000e+00, 1.000000e+06, 5.211986e+07, 2, 8.164966e-01, 4.000000e-02, 3.265986e-02, 3.265986e-02, 4.978979e-02, 1.043796e-01, 3.809760e-02
3.000000e+00, 1.000000e+06, 4.478224e+08, 3, 7.453519e-01, 4.000000e-02, 2.981408e-02, 5.962815e-02, 7.564629e-02, 1.263673e-01, 4.671937e-02
3.000000e+00, 1.000000e+06, 3.557301e+08, 4, 5.682094e-01, 4.000000e-02, 2.272838e-02, 6.818513e-02, 8.045333e-02, 1.188077e-01, 4.780409e-02
3.000000e+00, 1.000000e+06, 7.882653e+08, 5, 6.043769e-01, 4.000000e-02, 2.417507e-02, 9.670030e-02, 1.101028e-01, 1.520637e-01, 7.021017e-02
3.000000e+00, 1.000000e+06, 2.833158e+08, 6, 3.988294e-01, 4.000000e-02, 1.595318e-02, 7.976588e-02, 8.844236e-02, 1.152353e-01, 5.032707e-02
3.000000e+00, 1.000000e+06, 1.255483e+09, 7, 5.084066e-01, 4.000000e-02, 2.033626e-02, 1.220176e-01, 1.335298e-01, 1.693071e-01, 8.870503e-02
3.000000e+00, 1.000000e+06, 2.294120e+08, 8, 3.009447e-01, 4.000000e-02, 1.203779e-02, 8.426453e-02, 9.082683e-02, 1.109485e-01, 5.039101e-02
3.000000e+00, 1.000000e+06, 1.649466e+09, 9, 4.258346e-01, 4.000000e-02, 1.703339e-02, 1.362671e-01, 1.460169e-01, 1.761366e-01, 9.804502e-02
3.000000e+00, 1.000000e+06, 2.317598e+08, 10, 2.413241e-01, 4.000000e-02, 9.652962e-03, 8.687666e-02, 9.214574e-02, 1.082325e-01, 5.039344e-02
3.000000e+00, 1.000000e+06, 2.025230e+09, 11, 3.551962e-01, 4.000000e-02, 1.420785e-02, 1.420785e-01, 1.502422e-01, 1.753389e-01, 1.003664e-01
3.000000e+00, 1.000000e+06, 2.786967e+08, 12, 2.013598e-01, 4.000000e-02, 8.054392e-03, 8.859831e-02, 9.299853e-02, 1.063938e-01, 5.039488e-02
3.000000e+00, 1.000000e+06, 2.403953e+09, 13, 3.016149e-01, 4.000000e-02, 1.206460e-02, 1.447751e-01, 1.517172e-01, 1.729799e-01, 1.006141e-01
3.000000e+00, 1.000000e+06, 3.420136e+08, 14, 1.727268e-01, 4.000000e-02, 6.909072e-03, 8.981793e-02, 9.359468e-02, 1.050681e-01, 5.039596e-02
3.000000e+00, 1.000000e+06, 2.783474e+09, 15, 2.616756e-01, 4.000000e-02, 1.046703e-02, 1.465384e-01, 1.525662e-01, 1.709783e-01, 1.005997e-01
3.000000e+00, 1.000000e+06, 4.087848e+08, 16, 1.512113e-01, 4.000000e-02, 6.048454e-03, 9.072681e-02, 9.403456e-02, 1.040676e-01, 5.039675e-02
3.000000e+00, 1.000000e+06, 3.163074e+09, 17, 2.310154e-01, 4.000000e-02, 9.240614e-03, 1.478498e-01, 1.531746e-01, 1.694051e-01, 1.005663e-01
3.000000e+00, 1.000000e+06, 4.764765e+08, 18, 1.344561e-01, 4.000000e-02, 5.378242e-03, 9.143012e-02, 9.437234e-02, 1.032858e-01, 5.039733e-02
3.000000e+00, 1.000000e+06, 3.542442e+09, 19, 2.068105e-01, 4.000000e-02, 8.272421e-03, 1.489036e-01, 1.536728e-01, 1.681857e-01, 1.005668e-01
3.000000e+00, 1.000000e+06, 5.440718e+08, 20, 1.210401e-01, 4.000000e-02, 4.841602e-03, 9.199045e-02, 9.463980e-02, 1.026582e-01, 5.039777e-02
3.000000e+00, 1.000000e+06, 3.922166e+09, 21, 1.871376e-01, 4.000000e-02, 7.485506e-03, 1.497101e-01, 1.540272e-01, 1.671466e-01, 1.005278e-01
3.000000e+00, 1.000000e+06, 6.127969e+08, 22, 1.100563e-01, 4.000000e-02, 4.402253e-03, 9.244732e-02, 9.485678e-02, 1.021433e-01, 5.039805e-02
3.000000e+00, 1.000000e+06, 4.301510e+09, 23, 1.709160e-01, 4.000000e-02, 6.836638e-03, 1.504060e-01, 1.543502e-01, 1.663228e-01, 1.005283e-01
3.000000e+00, 1.000000e+06, 6.810140e+08, 24, 1.008989e-01, 4.000000e-02, 4.035954e-03, 9.282695e-02, 9.503633e-02, 1.017133e-01, 5.039834e-02
3.000000e+00, 1.000000e+06, 4.680797e+09, 25, 1.572843e-01, 4.000000e-02, 6.291371e-03, 1.509929e-01, 1.546235e-01, 1.656339e-01, 1.005336e-01
3.000000e+00, 1.000000e+06, 7.492772e+08, 26, 9.314739e-02, 4.000000e-02, 3.725896e-03, 9.314739e-02, 9.518734e-02, 1.013488e-01, 5.039855e-02
3.000000e+00, 1.000000e+06, 5.060623e+09, 27, 1.456254e-01, 4.000000e-02, 5.825018e-03, 1.514505e-01, 1.548126e-01, 1.650006e-01, 1.004996e-01
3.000000e+00, 1.000000e+06, 8.187231e+08, 28, 8.650136e-02, 4.000000e-02, 3.460054e-03, 9.342147e-02, 9.531611e-02, 1.010359e-01, 5.039873e-02
3.000000e+00, 1.000000e+06, 5.440023e+09, 29, 1.356005e-01, 4.000000e-02, 5.424021e-03, 1.518726e-01, 1.550038e-01, 1.644858e-01, 1.004983e-01
3.000000e+00, 1.000000e+06, 3.859127e+07, 2, 8.164966e-01, 4.500000e-02, 3.674235e-02, 3.674235e-02, 5.612602e-02, 1.183270e-01, 4.285980e-02
3.000000e+00, 1.000000e+06, 3.538350e+08, 3, 7.453519e-01, 4.500000e-02, 3.354084e-02, 6.708167e-02, 8.525833e-02, 1.431632e-01, 5.255930e-02
3.000000e+00, 1.000000e+06, 2.810227e+08, 4, 5.682094e-01, 4.500000e-02, 2.556942e-02, 7.670827e-02, 9.063712e-02, 1.343851e-01, 5.377960e-02
3.000000e+00, 1.000000e+06, 6.228269e+08, 5, 6.043769e-01, 4.500000e-02, 2.719696e-02, 1.087878e-01, 1.240506e-01, 1.720578e-01, 7.898644e-02
3.000000e+00, 1.000000e+06, 2.238545e+08, 6, 3.988294e-01, 4.500000e-02, 1.794732e-02, 8.973662e-02, 9.959608e-02, 1.301408e-01, 5.661796e-02
3.000000e+00, 1.000000e+06, 9.920134e+08, 7, 5.084066e-01, 4.500000e-02, 2.287830e-02, 1.372698e-01, 1.504100e-01, 1.914010e-01, 9.979316e-02
3.000000e+00, 1.000000e+06, 1.812419e+08, 8, 3.009447e-01, 4.500000e-02, 1.354251e-02, 9.479759e-02, 1.022566e-01, 1.251838e-01, 5.668988e-02
3.000000e+00, 1.000000e+06, 1.303282e+09, 9, 4.258346e-01, 4.500000e-02, 1.916256e-02, 1.533005e-01, 1.644424e-01, 1.989697e-01, 1.103006e-01
3.000000e+00, 1.000000e+06, 1.831189e+08, 10, 2.413241e-01, 4.500000e-02, 1.085958e-02, 9.773624e-02, 1.037262e-01, 1.220499e-01, 5.669262e-02
3.000000e+00, 1.000000e+06, 1.600196e+09, 11, 3.551962e-01, 4.500000e-02, 1.598383e-02, 1.598383e-01, 1.691715e-01, 1.979375e-01, 1.129122e-01
3.000000e+00, 1.000000e+06, 2.201865e+08, 12, 2.013598e-01, 4.500000e-02, 9.061191e-03, 9.967310e-02, 1.046758e-01, 1.199302e-01, 5.669424e-02
3.000000e+00, 1.000000e+06, 1.899406e+09, 13, 3.016149e-01, 4.500000e-02, 1.357267e-02, 1.628720e-01, 1.708097e-01, 1.951755e-01, 1.131909e-01
3.000000e+00, 1.000000e+06, 2.702330e+08, 14, 1.727268e-01, 4.500000e-02, 7.772706e-03, 1.010452e-01, 1.053393e-01, 1.184030e-01, 5.669545e-02
3.000000e+00, 1.000000e+06, 2.199276e+09, 15, 2.616756e-01, 4.500000e-02, 1.177540e-02, 1.648557e-01, 1.717486e-01, 1.928436e-01, 1.131747e-01
3.000000e+00, 1.000000e+06, 3.229706e+08, 16, 1.512113e-01, 4.500000e-02, 6.804511e-03, 1.020677e-01, 1.058287e-01, 1.172509e-01, 5.669634e-02
3.000000e+00, 1.000000e+06, 2.499231e+09, 17, 2.310154e-01, 4.500000e-02, 1.039569e-02, 1.663311e-01, 1.724205e-01, 1.910130e-01, 1.131371e-01
3.000000e+00, 1.000000e+06, 3.764547e+08, 18, 1.344561e-01, 4.500000e-02, 6.050523e-03, 1.028589e-01, 1.062045e-01, 1.163511e-01, 5.669699e-02
3.000000e+00, 1.000000e+06, 2.798967e+09, 19, 2.068105e-01, 4.500000e-02, 9.306474e-03, 1.675165e-01, 1.729709e-01, 1.895939e-01, 1.131376e-01
3.000000e+00, 1.000000e+06, 4.298839e+08, 20, 1.210401e-01, 4.500000e-02, 5.446803e-03, 1.034893e-01, 1.065019e-01, 1.156289e-01, 5.669749e-02
3.000000e+00, 1.000000e+06, 3.098995e+09, 21, 1.871376e-01, 4.500000e-02, 8.421194e-03, 1.684239e-01, 1.733614e-01, 1.883866e-01, 1.130938e-01
3.000000e+00, 1.000000e+06, 4.842067e+08, 22, 1.100563e-01, 4.500000e-02, 4.952535e-03, 1.040032e-01, 1.067432e-01, 1.150366e-01, 5.669781e-02
3.000000e+00, 1.000000e+06, 3.398724e+09, 23, 1.709160e-01, 4.500000e-02, 7.691218e-03, 1.692068e-01, 1.737179e-01, 1.874287e-01, 1.130943e-01
3.000000e+00, 1.000000e+06, 5.381069e+08, 24, 1.008989e-01, 4.500000e-02, 4.540449e-03, 1.044303e-01, 1.069428e-01, 1.145420e-01, 5.669813e-02
3.000000e+00, 1.000000e+06, 3.698408e+09, 25, 1.572843e-01, 4.500000e-02, 7.077792e-03, 1.698670e-01, 1.740196e-01, 1.866275e-01, 1.131003e-01
3.000000e+00, 1.000000e+06, 5.920435e+08, 26, 9.314739e-02, 4.500000e-02, 4.191633e-03, 1.047908e-01, 1.071106e-01, 1.141228e-01, 5.669837e-02
3.000000e+00, 1.000000e+06, 3.998517e+09, 27, 1.456254e-01, 4.500000e-02, 6.553145e-03, 1.703818e-01, 1.742273e-01, 1.858929e-01, 1.130621e-01
3.000000e+00, 1.000000e+06, 6.469146e+08, 28, 8.650136e-02, 4.500000e-02, 3.892561e-03, 1.050991e-01, 1.072538e-01, 1.137631e-01, 5.669857e-02
3.000000e+00, 1.000000e+06, 4.298279e+09, 29, 1.356005e-01, 4.500000e-02, 6.102023e-03, 1.708567e-01, 1.744383e-01, 1.852948e-01, 1.130606e-01
3.000000e+00, 1.000000e+06, 2.968597e+07, 2, 8.164966e-01, 5.000000e-02, 4.082483e-02, 4.082483e-02, 6.248724e-02, 1.324745e-01, 4.762200e-02
3.000000e+00, 1.000000e+06, 2.865591e+08, 3, 7.453519e-01, 5.000000e-02, 3.726760e-02, 7.453519e-02, 9.490508e-02, 1.601814e-01, 5.839922e-02
3.000000e+00, 1.000000e+06, 2.276284e+08, 4, 5.682094e-01, 5.000000e-02, 2.841047e-02, 8.523141e-02, 1.008492e-01, 1.501239e-01, 5.975512e-02
3.000000e+00, 1.000000e+06, 5.044898e+08, 5, 6.043769e-01, 5.000000e-02, 3.021884e-02, 1.208754e-01, 1.380394e-01, 1.922712e-01, 8.776271e-02
3.000000e+00, 1.000000e+06, 1.813484e+08, 6, 3.988294e-01, 5.000000e-02, 1.994147e-02, 9.970736e-02, 1.107717e-01, 1.451576e-01, 6.290884e-02
3.000000e+00, 1.000000e+06, 8.035089e+08, 7, 5.084066e-01, 5.000000e-02, 2.542033e-02, 1.525220e-01, 1.673323e-01, 2.137017e-01, 1.108813e-01
3.000000e+00, 1.000000e+06, 1.468059e+08, 8, 3.009447e-01, 5.000000e-02, 1.504724e-02, 1.053307e-01, 1.137033e-01, 1.395007e-01, 6.298876e-02
3.000000e+00, 1.000000e+06, 1.055672e+09, 9, 4.258346e-01, 5.000000e-02, 2.129173e-02, 1.703339e-01, 1.829064e-01, 2.219841e-01, 1.225563e-01
3.000000e+00, 1.000000e+06, 1.483411e+08, 10, 2.413241e-01, 5.000000e-02, 1.206620e-02, 1.085958e-01, 1.153205e-01, 1.359313e-01, 6.299180e-02
3.000000e+00, 1.000000e+06, 1.296147e+09, 11, 3.551962e-01, 5.000000e-02, 1.775981e-02, 1.775981e-01, 1.881339e-01, 2.206876e-01, 1.254580e-01
3.000000e+00, 1.000000e+06, 1.783659e+08, 12, 2.013598e-01, 5.000000e-02, 1.006799e-02, 1.107479e-01, 1.163647e-01, 1.335193e-01, 6.299360e-02
3.000000e+00, 1.000000e+06, 1.538519e+09, 13, 3.016149e-01, 5.000000e-02, 1.508074e-02, 1.809689e-01, 1.899307e-01, 2.174984e-01, 1.257677e-01
3.000000e+00, 1.000000e+06, 2.189042e+08, 14, 1.727268e-01, 5.000000e-02, 8.636339e-03, 1.122724e-01, 1.170940e-01, 1.317827e-01, 6.299495e-02
3.000000e+00, 1.000000e+06, 1.781413e+09, 15, 2.616756e-01, 5.000000e-02, 1.308378e-02, 1.831730e-01, 1.909559e-01, 2.148184e-01, 1.257497e-01
3.000000e+00, 1.000000e+06, 2.616062e+08, 16, 1.512113e-01, 5.000000e-02, 7.560567e-03, 1.134085e-01, 1.176318e-01, 1.304732e-01, 6.299593e-02
3.000000e+00, 1.000000e+06, 2.024377e+09, 17, 2.310154e-01, 5.000000e-02, 1.155077e-02, 1.848123e-01, 1.916884e-01, 2.127169e-01, 1.257079e-01
3.000000e+00, 1.000000e+06, 3.049283e+08, 18, 1.344561e-01, 5.000000e-02, 6.722803e-03, 1.142877e-01, 1.180445e-01, 1.294507e-01, 6.299666e-02
3.000000e+00, 1.000000e+06, 2.267163e+09, 19, 2.068105e-01, 5.000000e-02, 1.034053e-02, 1.861295e-01, 1.922888e-01, 2.110876e-01, 1.257085e-01
3.000000e+00, 1.000000e+06, 3.482059e+08, 20, 1.210401e-01, 5.000000e-02, 6.052003e-03, 1.149881e-01, 1.183712e-01, 1.286304e-01, 6.299721e-02
3.000000e+00, 1.000000e+06, 2.510177e+09, 21, 1.871376e-01, 5.000000e-02, 9.356882e-03, 1.871376e-01, 1.927135e-01, 2.097037e-01, 1.256597e-01
3.000000e+00, 1.000000e+06, 3.921900e+08, 22, 1.100563e-01, 5.000000e-02, 5.502817e-03, 1.155592e-01, 1.186361e-01, 1.279577e-01, 6.299757e-02
3.000000e+00, 1.000000e+06, 2.752976e+09, 23, 1.709160e-01, 5.000000e-02, 8.545798e-03, 1.880076e-01, 1.931021e-01, 2.086046e-01, 1.256603e-01
3.000000e+00, 1.000000e+06, 4.358666e+08, 24, 1.008989e-01, 5.000000e-02, 5.044943e-03, 1.160337e-01, 1.188552e-01, 1.273962e-01, 6.299792e-02
3.000000e+00, 1.000000e+06, 2.995719e+09, 25, 1.572843e-01, 5.000000e-02, 7.864213e-03, 1.887411e-01, 1.934308e-01, 2.076855e-01, 1.256670e-01
3.000000e+00, 1.000000e+06, 4.795553e+08, 26, 9.314739e-02, 5.000000e-02, 4.657369e-03, 1.164342e-01, 1.190395e-01, 1.269203e-01, 6.299819e-02
3.000000e+00, 1.000000e+06, 3.238799e+09, 27, 1.456254e-01, 5.000000e-02, 7.281272e-03, 1.893131e-01, 1.936562e-01, 2.068446e-01, 1.256245e-01
3.000000e+00, 1.000000e+06, 5.240008e+08, 28, 8.650136e-02, 5.000000e-02, 4.325068e-03, 1.167768e-01, 1.191966e-01, 1.265119e-01, 6.299841e-02
3.000000e+00, 1.000000e+06, 3.481615e+09, 29, 1.356005e-01, 5.000000e-02, 6.780026e-03, 1.898407e-01, 1.938858e-01, 2.061589e-01, 1.256229e-01
